"Reference","Value","Footprint"
"C1,C2","4.7uF","Capacitor_SMD:C_0603_1608Metric"
"C3,C9","100nF","Capacitor_SMD:C_0402_1005Metric"
"C4","1uF","Capacitor_SMD:C_0402_1005Metric"
"C5,C8","0.1uF","Capacitor_SMD:C_0402_1005Metric"
"C6,C7","10uF","Capacitor_SMD:C_0805_2012Metric"
"C11","100uF","Capacitor_SMD:C_1210_3225Metric"
"D1,D4","Blue","Diode_SMD:D_0402_1005Metric"
"D2,D3","White","Diode_SMD:D_0402_1005Metric"
"D5","Red","Diode_SMD:D_0402_1005Metric"
"J1","USB_C_Receptacle_USB2.0_16P","Connector_USB:USB_C_Receptacle_HCTL_HC-TYPE-C-16P-01A"
"J2","Bat Connector","Connector_PinHeader_2.54mm:PinHeader_1x02_P2.54mm_Vertical"
"Q1,Q2","BC817","Package_TO_SOT_SMD:SOT-23"
"R1,R2","5.1k","Resistor_SMD:R_0402_1005Metric"
"R3","2.5k","Resistor_SMD:R_0402_1005Metric"
"R4,R7,R8,R9,R10","1k","Resistor_SMD:R_0402_1005Metric"
"R5,R6","10k","Resistor_SMD:R_0402_1005Metric"
"R13,R14,R15,R16","4.7k","Resistor_SMD:R_0402_1005Metric"
"SW1","SW_Nidec_CAS-120A1","Button_Switch_THT:SW_Slide_SPDT_Angled_CK_OS102011MA1Q"
"SW2","next_btn","Button_Switch_SMD:SW_Push_1TS009xxxx-xxxx-xxxx_6x6x5mm"
"SW3","ok_btn","Button_Switch_SMD:SW_Push_1TS009xxxx-xxxx-xxxx_6x6x5mm"
"SW4","previous_btn","Button_Switch_SMD:SW_Push_1TS009xxxx-xxxx-xxxx_6x6x5mm"
"SW5","IO0","Button_Switch_SMD:SW_Push_1P1T-MP_NO_Horizontal_Alps_SKRTLAE010"
"SW6","RESET","Button_Switch_SMD:SW_Push_1P1T-MP_NO_Horizontal_Alps_SKRTLAE010"
"U1","AP7361C-33E-13","Package_TO_SOT_SMD:SOT-223-3_TabPin2"
"U2","CP2104","Package_DFN_QFN:QFN-24-1EP_4x4mm_P0.5mm_EP2.6x2.6mm"
"U3","LTC4054ES5-4.2","Package_TO_SOT_SMD:TSOT-23-5"
"U4","ESP32-WROOM-32","RF_Module:ESP32-WROOM-32"
"U5","CDEBYTE E01-2G4M27D","nRF24_jammer:E01-2G4M27D"
"U6","","nRF24_jammer:Display 0.96 breakout board"
